{"cameraMode":{"drawMode":0,"name":"Shaded","section":"Shading Mode"},"sceneLighting":true,"audioPlay":false,"sceneViewState":{"m_AlwaysRefresh":false,"showFog":true,"showSkybox":true,"showFlares":true,"showImageEffects":true,"showParticleSystems":true,"showVisualEffectGraphs":true,"m_FxEnabled":true},"in2DMode":false,"pivot":{"x":10.777491569519043,"y":2.0485267639160158,"z":16.398109436035158},"rotation":{"x":0.3222087621688843,"y":-0.6397392749786377,"z":0.3378024697303772,"w":0.6105401515960693},"size":22.070697784423829,"orthographic":false}