{"cameraMode":{"drawMode":0,"name":"Shaded","section":"Shading Mode"},"sceneLighting":true,"audioPlay":false,"sceneViewState":{"m_AlwaysRefresh":false,"showFog":true,"showSkybox":true,"showFlares":true,"showImageEffects":true,"showParticleSystems":true,"showVisualEffectGraphs":true,"m_FxEnabled":true},"in2DMode":false,"pivot":{"x":0.16148459911346436,"y":0.18956562876701356,"z":-0.2928997576236725},"rotation":{"x":0.08227759599685669,"y":0.8747137188911438,"z":-0.45005369186401369,"w":0.15966378152370454},"size":3.0339744091033937,"orthographic":false}