{"cameraMode":{"drawMode":0,"name":"Shaded","section":"Shading Mode"},"sceneLighting":true,"audioPlay":false,"sceneViewState":{"m_AlwaysRefresh":false,"showFog":true,"showSkybox":true,"showFlares":true,"showImageEffects":true,"showParticleSystems":true,"showVisualEffectGraphs":true,"m_FxEnabled":true},"in2DMode":false,"pivot":{"x":-0.9600232839584351,"y":7.2387895584106449,"z":-11.070637702941895},"rotation":{"x":0.3604034185409546,"y":0.002545251278206706,"z":-0.0008832121384330094,"w":0.9327627420425415},"size":1.6984363794326783,"orthographic":false}