{"cameraMode":{"drawMode":0,"name":"Shaded","section":"Shading Mode"},"sceneLighting":true,"audioPlay":false,"sceneViewState":{"m_AlwaysRefresh":false,"showFog":true,"showSkybox":true,"showFlares":true,"showImageEffects":true,"showParticleSystems":true,"showVisualEffectGraphs":true,"m_FxEnabled":true},"in2DMode":false,"pivot":{"x":0.11357014626264572,"y":-6.144680976867676,"z":16.75318145751953},"rotation":{"x":-0.20582854747772218,"y":0.002052704570814967,"z":-0.0004312376258894801,"w":-0.9785767197608948},"size":12.12435531616211,"orthographic":false}